State/Territory,abbr,deaths_per_100k,dem_margin_2020,population,perc_25plus_with_bachelors,income_per_capita,perc_pop_at_least_1_dose,stringency_index,population_per_sq_mi,perc_urban,median_age,mean_temperature,perc_blue_collar_jobs,obesity_rate,perc_pop_nonwhite,flu_death_rate,McCain08Share,Romney12Share,Trump16Share,Trump16McCain08Shift,poverty_rate,relative_humidity,nursing_resid_per_pop,over_65_pct,uninsured_pct,gini_inequality,regular_church_pct,seldomornever_church_pct,cars_per_capita_pct,share_in_apts_pct,diabetes_pct,doctors_per_capita,high_blood_pressure_pct,hispanic_latino_pct,mex_amer_pct,afr_amer_pct,multi_gen_household_pct,under_18_pct,undocumented_pct,res_per_household,cig_use_pct,urb_index_538,excess_nyt_pct,pct_in_city_min_200k,pctExcessAfterMarch1_2020Higher,pctExcessAfterMarch1_2020Lower,pctExcessAfterMarch1_2020,pctExcessAfterJune1_2020Higher,pctExcessAfterJune1_2020Lower,pctExcessAfterJune1_2020,pctExcessAfterJuly1_2020Higher,pctExcessAfterJuly1_2020Lower,pctExcessAfterJuly1_2020,pctExcessAfterSept1_2020Higher,pctExcessAfterSept1_2020Lower,pctExcessAfterSept1_2020,pctExcessAfterOct1_2020Higher,pctExcessAfterOct1_2020Lower,pctExcessAfterOct1_2020,pctExcessAfterNov1_2020Higher,pctExcessAfterNov1_2020Lower,pctExcessAfterNov1_2020,pctExcessAfterDec1_2020Higher,pctExcessAfterDec1_2020Lower,pctExcessAfterDec1_2020,deaths_since_march1_2020,deaths_since_march1_2020_per330million,deaths_since_march1_2020_per100k,deaths_since_june1_2020,deaths_since_june1_2020_per330million,deaths_since_oct1_2020,deaths_since_oct1_2020_per330million,deaths_since_oct1_2020_per100k
Alabama,AL,226,-25.5,4903185,0.2635,23606,0.356,47.76446808510627,95.4,0.59,39.4,62.68,0.179,0.361,0.345,16.6,60.32,60.55,62.08,1.759999999999998,15.5,71.6,0.004626380607707032,16.9,19.0,0.474,51.0,16.0,1030.0,8.0,12.7,217.1,42.5,4.1,2.6,27.8,0.03754579526722513,22.3,1.2,2.55,19.2,9.61,25.0,0.08360157734207459,0.2461853239006797,0.1911846303232071,0.2186849771119434,0.29669408379217366,0.2380078399383681,0.26735096186527085,0.309053405899749,0.2506523521956311,0.2798528790476901,0.2971161143435366,0.23959650898052112,0.26835631166202883,0.30401412510810033,0.24729749207264343,0.27565580859037186,0.3298170358049549,0.27413989319793397,0.30197846450144444,0.34531108386202486,0.29013168417124274,0.3177213840166338,11214,754737.9917339444,228.7084823436195,10349,696520.7309126619,7247,487746.2302564558,147.80188795650173
Alaska,AK,49,-10.1,731545,0.3019,33062,0.453,57.23715498938417,1.3,0.66,35.0,32.03,0.133,0.305,0.394,7.1,59.42,54.8,51.28,-8.14,10.1,77.1,0.0006821179831726005,11.8,17.0,0.438,30.0,36.0,960.0,7.0,7.3,276.9,32.8,7.0,3.8,4.7,0.03482963849975614,24.9,1.0,2.81,19.1,8.74,13.0,0.39245022520829204,0.10877824435112977,0.01879624075184963,0.06378724255148971,0.11895722601872943,0.023791445203745886,0.07137433561123765,0.12527654867256638,0.025995575221238937,0.07563606194690266,0.1266360099044924,0.025822426600636716,0.07622921825256455,0.1213101496158512,0.026283865750101092,0.07379700768297615,0.12071535022354694,0.029806259314456036,0.07526080476900149,0.09068776628119293,0.02251978088861838,0.056603773584905655,362,163298.22498957685,49.48431060290208,349,157433.92409216112,293,132172.3202263702,40.052218250415216
Arizona,AZ,241,0.3,7278717,0.3018,25715,0.453,53.28091489361737,58.3,0.898,38.2,65.97,0.113,0.314,0.453,10.3,53.64,53.65,48.08,-5.560000000000002,13.5,38.5,0.0014185192252975352,17.5,17.0,0.459,34.0,33.0,823.0,11.0,9.8,242.0,32.5,31.4,27.8,6.0,0.04475066103314022,22.9,3.9,2.69,14.0,11.3,32.0,0.5538433490407719,0.29710123645334663,0.23077036036300624,0.26393579840817644,0.3649198603583621,0.29409609041988927,0.3295079753891257,0.37442146830283213,0.30353275869389834,0.33897711349836523,0.33708688337765236,0.2668909751994356,0.301988929288544,0.3640182874088719,0.294482886445076,0.32925058692697395,0.41733697482135507,0.3490590744135583,0.38319802461745667,0.4609761634506243,0.3941430192962543,0.4275595913734393,17757,805060.8369579419,243.95782938119453,16812,762216.7478142095,12064,546953.535904748,165.74349572871154
Arkansas,AR,192,-27.6,3017825,0.2334,22883,0.387,55.21726114649672,56.9,0.562,38.5,60.09,0.172,0.374,0.277,16.6,58.72,60.57,60.57,1.8500000000000014,16.2,70.9,0.00572763496889316,17.0,15.0,0.475,41.0,26.0,931.0,7.0,10.5,207.6,41.0,7.4,5.4,16.7,0.03300829203358063,23.3,1.9,2.52,22.7,9.26,21.0,0.0,0.21660390375715066,0.1470089401213097,0.1818064219392302,0.2728700138322928,0.19069871770907323,0.231784365770683,0.28478421095733353,0.202849889443944,0.24381705020063876,0.2940136266708275,0.21339782597389087,0.25370572632235916,0.30288290425910547,0.2236326966425436,0.26325780045082453,0.29769014895301144,0.22019140821760091,0.2589407785853062,0.2823488045007032,0.20613572433192687,0.24424226441631502,6024,658726.0692717438,199.61396038537688,5889,643963.7818627654,4652,508697.48908568255,154.15075426838865
California,CA,156,29.2,39512223,0.35,30441,0.554,63.924017094016996,246.1,0.95,37.0,61.17,0.128,0.262,0.63,12.5,36.95,37.12,31.62,-5.330000000000002,11.8,61.0,0.0025297488324056076,14.3,13.0,0.487,31.0,34.0,840.0,17.0,9.9,279.6,27.8,39.1,32.3,7.0,0.05820659615729685,22.7,5.6,2.96,11.2,12.19,27.0,0.3285212274692821,0.2839956880073566,0.23163528532510427,0.25781548666623044,0.34271231233398125,0.2869390313750073,0.3148256718544943,0.3626487786055623,0.3068227914477655,0.3347357850266639,0.3771895191361622,0.32199640276498276,0.34959296095057246,0.4006007160193311,0.34606652004640603,0.3733336180328686,0.4551824465658383,0.4017956288574601,0.4284890377116492,0.5033668106364156,0.45131914450746735,0.4773429775719415,62022,517998.1900790548,156.96914850880447,57391,479320.7914421823,45287,378230.0479525032,114.61516604621309
Colorado,CO,112,13.5,5758736,0.4266,32357,0.527,58.3301698513804,50.8,0.862,37.1,46.26,0.123,0.238,0.318,7.8,44.71,46.13,43.25,-1.4600000000000009,9.3,54.1,0.002779082076344531,14.2,13.0,0.455,30.0,38.0,919.0,13.0,6.3,285.7,25.8,21.5,15.8,5.4,0.031395868557287966,22.2,3.4,2.56,14.5,11.15,19.0,0.27871498189880556,0.19239888584516932,0.135471098731613,0.16393499228839115,0.19300354631243613,0.13518062150628118,0.16409208390935864,0.19489406500855375,0.13755099355178313,0.16622252928016845,0.20748569280253978,0.1518860436943899,0.17968586824846483,0.22266145932558581,0.16641265002857686,0.19453705467708132,0.24528192323326173,0.18971023750072585,0.2174960803669938,0.2067379149267464,0.1533724962842381,0.18005520560549226,6639,380442.86107229086,115.28571547645177,5192,297523.6232395442,4576,262224.21031281864,79.46188191297534
Connecticut,CT,230,20.0,3565287,0.3984,39373,0.618,64.78737417943114,742.6,0.88,41.1,48.6,0.129,0.291,0.333,11.0,38.22,40.73,40.93,2.710000000000001,10.0,69.2,0.005504185217066676,17.2,10.0,0.502,28.0,35.0,860.0,11.0,7.4,352.1,30.9,16.1,1.6,13.2,0.032049150211376116,20.6,3.5,2.54,12.2,11.41,28.0,0.0,0.2514978810463247,0.19362852550051146,0.22256320327341808,0.16726660029103163,0.11028567052155931,0.13877613540629546,0.1756433399101633,0.11813106082868058,0.14688720036942193,0.21579171547226067,0.1498242998615696,0.18280800766691513,0.2387463697967086,0.16892545982575025,0.20383591481122942,0.26965466568699487,0.20051432770022043,0.23508449669360765,0.28501118568232664,0.21628635346756153,0.2506487695749441,8248,763428.021362656,231.34182465535034,4304,398374.66100204556,3740,346171.2899971307,104.90039090822141
Delaware,DE,170,19.0,973764,0.332,30488,0.529,61.39127429805655,475.1,0.833,41.1,54.48,0.103,0.344,0.378,10.5,36.95,39.98,41.72,4.769999999999996,11.3,70.9,0.004043074091874418,18.7,11.0,0.451,34.0,34.0,950.0,9.0,9.9,284.6,36.4,9.3,3.7,24.4,0.040942060764567204,21.1,3.0,2.58,16.5,11.01,20.0,0.0,0.18927262203357129,0.09077754196411345,0.14002508199884237,0.18151815181518152,0.07996953541507996,0.13074384361513075,0.18970076548364648,0.08656924147529575,0.1381350034794711,0.20731923965180316,0.10943329188132883,0.158376265766566,0.21567043618739903,0.11934571890145396,0.16750807754442648,0.22466960352422907,0.13754282917278512,0.1811062163485071,0.2537402752842609,0.1627767803710353,0.2082585278276481,1678,568659.3466178663,172.32101412662615,1309,443608.5129456419,1041,352785.6852379016,106.90475310239442
District of Columbia,DC,159,86.8,705749,0.5967,45877,0.559,67.1531130063967,10588.8,1.0,34.2,54.73,0.022,0.238,0.635,10.8,6.53,7.28,4.07,-2.46,13.5,64.0,0.001779669542571084,12.1,6.0,0.512,28.0,37.0,830.0,19.0,8.4,847.0,27.2,11.0,1.6,47.2,0.02939945810611517,18.1,3.8,2.29,13.8,13.0,24.0,1.0,0.34658445562226187,0.19990264481583644,0.27324355021904917,0.31089882761615284,0.154363873208858,0.23263135041250543,0.31194637299497247,0.1572899209959301,0.23461814699545128,0.34298921417565487,0.1889060092449923,0.26594761171032355,0.3647266313932981,0.20493827160493827,0.2848324514991182,0.40303687635574836,0.23557483731019524,0.3193058568329718,0.4326465927099842,0.26465927099841524,0.3486529318541997,1136,531180.3488208981,160.9637420669388,670,313284.18460387475,509,238002.46263189887,72.12195837330269
Florida,FL,169,-3.4,21477737,0.307,26582,0.478,54.06375809935215,364.6,0.912,42.5,71.8,0.1,0.27,0.462,8.2,48.22,49.13,49.02,0.8000000000000043,12.7,74.5,0.0033132913397719696,20.5,25.0,0.481,35.0,31.0,796.0,13.0,9.4,265.2,33.5,25.6,9.8,17.6,0.040391068264541925,19.9,3.8,2.65,14.5,11.46,17.0,0.13966448141161242,0.17988084927695983,0.13400082233244975,0.1569408358047048,0.22068759307921867,0.1713520133861573,0.19601980323268797,0.23142355186491234,0.182339261113007,0.20688140648895967,0.18320512200235456,0.13477510603641524,0.1589901140193849,0.18124758416315412,0.1331609269450938,0.15720425555412396,0.19397697077059345,0.14664035608974,0.1703086634301667,0.2099773056626473,0.16337188636425778,0.18667459601345254,36973,568080.7992015174,172.14569672773254,34522,530421.8037496222,22656,348103.7131612143,105.48597368521646
Georgia,GA,194,0.2,10617423,0.3251,25615,0.387,56.53188959660277,173.7,0.751,37.1,62.3,0.131,0.331,0.474,11.8,52.2,53.3,50.77,-1.4299999999999997,13.3,71.1,0.00215626710925994,13.9,23.0,0.48,42.0,24.0,829.0,11.0,10.4,228.7,34.8,9.6,5.5,33.5,0.04394590410811703,23.8,3.8,2.71,16.1,10.55,25.0,0.04827442591295458,0.2556820604665046,0.1982431452816511,0.22696260287407785,0.29165101492828027,0.2317292040569306,0.2616901094926054,0.30815364189900657,0.24833279921866655,0.27824322055883655,0.29385674823950514,0.23450569972376764,0.2641812239816364,0.2968465871291081,0.23805827826318357,0.2674524326961458,0.31872402439682623,0.2611863766394991,0.2899552005181627,0.3439034841942183,0.28694333651976134,0.31542341035698984,21494,668054.7624409426,202.44083710331594,19438,604152.250503724,14364,446447.3158882339,135.28706542067692
Hawaii,HI,34,29.5,1415872,0.3363,29736,0.65,72.79730360934165,218.6,0.919,39.6,72.95,0.08,0.25,0.782,16.8,26.58,27.84,30.03,3.450000000000003,9.3,73.3,0.002432423269900104,18.4,10.0,0.44,28.0,34.0,872.0,13.0,7.5,314.1,30.7,10.5,3.3,3.5,0.07257054066310051,21.4,3.3,3.02,13.4,11.09,1.0,0.2412329645617683,0.03867360410033393,0.0030286557427972355,0.020851129921565584,0.04956415974052301,0.003952969795256436,0.026758564767889723,0.0503228679581385,0.004342017368069473,0.027332442663103987,0.043804933371136945,0.00396937907570173,0.023887156223419338,0.031411917098445596,0.00016191709844559586,0.015786917098445596,0.02216120808001569,0.00019611688566385565,0.011178662482839772,0.016682554814108675,0.0,0.008341277407054338,500,116535.95805270533,35.31392668263798,483,112573.73547891335,364,84838.17746236948,25.708538624960447
Idaho,ID,116,-30.8,1787065,0.2875,23938,0.369,54.843014861995684,19.5,0.706,36.9,46.32,0.158,0.295,0.18,11.4,61.52,64.53,59.26,-2.260000000000005,11.2,62.4,0.0018387691550111496,15.9,18.0,0.434,35.0,37.0,1122.0,6.0,7.8,192.6,30.6,12.4,10.8,1.2,0.02864640113195062,25.5,2.2,2.68,14.7,9.59,14.0,0.1285773041271582,0.1470197838316162,0.0833069970292649,0.11516339043044055,0.18646741386467414,0.10917393109173931,0.14782067247820674,0.2013171133266258,0.12027805725784323,0.1607975852922345,0.20569954262929518,0.1284156209686877,0.16705758179899144,0.20751677852348993,0.13395973154362417,0.17073825503355705,0.20768977982254355,0.14065067367729214,0.17417022674991783,0.1513092144713172,0.09234459324405357,0.12182690385768538,2144,395911.73236563866,119.9732522320117,2061,380584.9255623047,1645,303766.2312227031,92.05037309778884
Illinois,IL,197,17.0,12671821,0.3576,30417,0.533,59.09520169851382,232.0,0.885,38.6,51.37,0.133,0.316,0.388,13.4,36.78,40.73,38.76,1.9799999999999969,11.5,70.9,0.005177393209705219,15.6,13.0,0.48,34.0,32.0,825.0,11.0,9.2,284.4,32.2,17.2,13.4,15.4,0.03337233862843572,22.4,3.2,2.59,15.5,11.62,23.0,0.2113068832017119,0.23411223616027685,0.18162236601664916,0.20786730108846302,0.22188728246629025,0.16767341827920837,0.19478035037274932,0.22395502073422036,0.1701605312030936,0.19705777596865698,0.24857531407848724,0.1963961922030825,0.22248575314078486,0.2663029406325134,0.2153134825226558,0.2408082115775846,0.2849989850463496,0.23580756478787468,0.2604032749171121,0.2402026933986946,0.1928892071273168,0.21654595026300572,25468,663238.5353296894,200.98137434233013,19924,518861.4959128605,16398,427037.2821712049,129.40523702157725
Indiana,IN,201,-16.1,6732219,0.2694,25140,0.408,52.27057324840757,183.4,0.724,37.9,51.81,0.214,0.353,0.208,11.6,48.91,54.13,56.82,7.910000000000004,11.9,72.0,0.0055797352997577765,15.8,13.0,0.458,37.0,30.0,914.0,8.0,10.0,230.8,34.8,6.9,5.1,11.0,0.028174603938385497,23.4,1.5,2.53,21.1,10.41,20.0,0.17086505949969838,0.21957138221476036,0.16364508528619195,0.19160823375047614,0.24008524833209785,0.18135656041512233,0.21072090437361007,0.24698379168867043,0.1887313645042044,0.2178575780964374,0.26849202052233995,0.21226184030731945,0.24037693041482971,0.28232189973614774,0.22752858399296394,0.25492524186455584,0.2906268911751095,0.238047773308177,0.26433733224164324,0.2532911830937121,0.20301403083318897,0.22815260696345055,13685,670811.511033732,203.27621546476726,11404,559001.4228592386,9816,481160.8178521822,145.8063084400552
Iowa,IA,191,-8.2,3155070,0.2931,28361,0.483,47.90590233545627,55.3,0.64,38.5,48.14,0.189,0.339,0.141,13.2,44.39,46.18,51.15,6.759999999999998,11.2,72.4,0.007083519541563262,17.1,9.0,0.442,36.0,30.0,1050.0,9.0,8.3,218.2,31.8,5.9,4.6,5.2,0.01971534025625747,23.2,1.7,2.41,16.6,9.59,17.0,0.06729232631922588,0.1928269129776652,0.1367891013561521,0.16480800716690863,0.2306571116239524,0.16935908336369893,0.20000809749382564,0.24550898203592814,0.1847416278554003,0.21512530494566423,0.24778415742237583,0.1929316015385473,0.22035787948046157,0.2572459182381977,0.20541703581825085,0.23133147702822426,0.2509040547818727,0.20466261444948836,0.22778333461568054,0.17305349948468096,0.13388925325587933,0.15347137637028013,6068,634673.7156386387,192.32536837534508,5534,578820.7551654956,4722,493890.7853074575,149.6638743355932
Kansas,KS,173,-14.7,2913314,0.3402,27870,0.459,53.89186836518014,35.4,0.742,37.1,54.68,0.162,0.352,0.241,14.0,56.61,59.71,56.65,0.03999999999999915,11.4,65.7,0.005770747677730585,15.9,15.0,0.45,37.0,28.0,830.0,8.0,8.8,227.6,33.5,11.9,9.6,7.4,0.025365250292314435,24.2,2.6,2.52,17.2,10.12,20.0,0.13446233396056861,0.19288318000347163,0.13143551466759243,0.16215934733553203,0.23780267437658115,0.1706270328876039,0.20421485363209252,0.25295251272421804,0.1862430202105055,0.2195977664673618,0.27781246098139595,0.21513297540267198,0.24647271819203398,0.2870298222001842,0.22724374867181413,0.25713678543599916,0.2887540591351906,0.23372073149888908,0.2612373953170398,0.25282354160190657,0.20308776292612166,0.2279556522640141,5129,580977.5396678834,176.0537998993586,4920,557303.4695195918,4450,504065.1299516633,152.7470090762616
Kentucky,KY,150,-25.9,4467673,0.2513,23684,0.453,63.082662037037004,111.3,0.584,39.1,55.62,0.176,0.365,0.154,15.7,57.4,60.49,62.52,5.1200000000000045,16.3,70.3,0.004808319677827809,16.4,10.0,0.476,39.0,29.0,840.0,8.0,9.7,230.9,40.9,3.5,2.1,9.5,0.03271113012171105,22.6,0.8,2.49,23.4,9.79,16.0,0.21108818841486385,0.18183733266943716,0.12193346994273896,0.15188540130608807,0.21662883228976976,0.15194452066754807,0.18428667647865893,0.22760541839632947,0.16279768407253659,0.19520155123443303,0.24030980948099998,0.17672279658379725,0.2085163030323986,0.24800283341859825,0.18531344693243085,0.21665814017551455,0.2527367464983986,0.19159615660404417,0.2221664515512214,0.23496886095105057,0.1755427507129969,0.20525580583202374,5896,435501.8820759711,131.9702672957488,5465,403666.5172227242,4722,348785.59822977195,105.69260552417332
Louisiana,LA,226,-18.6,4648794,0.2498,24800,0.351,60.92660297239909,107.1,0.732,37.5,66.74,0.16,0.359,0.415,12.1,58.56,57.78,58.09,-0.46999999999999886,19.0,74.0,0.005563378372971571,15.4,14.0,0.498,46.0,21.0,910.0,7.0,10.8,260.3,39.7,5.2,2.1,33.4,0.03600359777516892,23.5,1.5,2.61,20.5,10.18,25.0,0.13090018615580729,0.2602342688094667,0.18349724154473496,0.22186575517710083,0.2512875480379598,0.17359023293508666,0.2124388904865232,0.2600183717992881,0.18256975542542198,0.22129406361235504,0.2367414490621552,0.16002206693637366,0.19838175799926444,0.24077661725067384,0.16475741239892183,0.20276701482479784,0.259121830550402,0.18408575551432693,0.22160379303236447,0.2799771602588504,0.20543078289557162,0.24270397157721102,10656,756428.4414409414,229.22073983058831,7824,555395.657454385,5104,362313.32255204255,109.79191592486137
Maine,ME,61,9.1,1344212,0.3319,27978,0.614,66.96473460721919,43.1,0.387,45.0,43.09,0.13,0.317,0.066,14.7,40.38,40.98,44.87,4.489999999999995,10.9,71.7,0.004349016375393167,20.6,13.0,0.449,22.0,47.0,830.0,7.0,8.1,330.2,36.2,1.6,0.5,2.4,0.021401002060604794,18.7,0.4,2.33,17.8,9.04,6.0,0.0,0.05872193436960276,0.012028127313101407,0.03537503084135209,0.06818363913147985,0.01546350452688086,0.04182357182918035,0.07194875844520487,0.01693428095112749,0.04444151969816618,0.0776112726459405,0.02080071572355178,0.04920599418474614,0.0759008433427038,0.022233580373115257,0.049067211857909535,0.09122257053291537,0.02727272727272727,0.05924764890282132,0.08634615384615385,0.025961538461538463,0.05615384615384616,843,206953.96261899165,62.713322005755046,754,185104.73050381933,701,172093.3900307392,52.14951213052703
Maryland,MD,148,33.2,6045680,0.4088,36338,0.555,61.8083836206893,610.8,0.872,39.1,54.61,0.098,0.323,0.493,11.4,36.47,35.9,33.91,-2.5600000000000023,9.0,68.8,0.0027232668616268144,15.4,11.0,0.456,31.0,32.0,690.0,15.0,9.2,386.0,34.3,10.1,1.7,32.2,0.04619387659328524,22.2,4.5,2.67,12.5,11.71,20.0,0.09695038440671687,0.21303592650150838,0.14769174513209618,0.18036383581680226,0.17863156646507766,0.1111585438159611,0.14489505514051937,0.17709308372334892,0.10967238689547582,0.14338273530941237,0.18859011627906977,0.12199392177589852,0.15529201902748413,0.19987202168103285,0.1338879060488576,0.16687996386494525,0.21627949683224681,0.15122578275640436,0.1837526397943256,0.22791271666573176,0.16379648847254166,0.19585460256913673,9644,526412.2480845827,159.51886305593416,6960,379907.6365272393,5580,304581.1223882177,92.29730981461142
Massachusetts,MA,258,33.5,6949503,0.4498,36593,0.649,63.37411889596636,858.0,0.92,39.6,48.14,0.11,0.252,0.285,13.2,35.99,37.51,32.81,-3.1799999999999997,9.4,71.1,0.0049446701440376386,16.5,8.0,0.48,23.0,45.0,820.0,13.0,7.7,449.5,28.1,11.8,0.7,9.9,0.035144943938913785,19.8,3.8,2.53,13.4,11.84,18.0,0.0995079792036927,0.17500774233508826,0.138030349953546,0.1565190461443171,0.07793079598852702,0.04526129498159035,0.06159604548505869,0.08175172691301724,0.04864417767643574,0.0651979522947265,0.10395983110806802,0.06207919662216136,0.08301951386511469,0.11619443722381076,0.07070444502209514,0.09344944112295295,0.13614410134600158,0.08598574821852732,0.11106492478226446,0.1483359899531469,0.1011930638071777,0.12476452688016229,17907,850321.2387993789,257.6731026664784,10668,506574.3550294172,8421,399874.63851731556,121.17413288403502
Michigan,MI,201,2.8,9986857,0.3003,26613,0.477,58.385286624204156,175.0,0.746,39.9,46.64,0.176,0.36,0.25,12.8,40.96,44.71,47.5,6.539999999999999,13.0,72.1,0.0037596412965560638,17.2,12.0,0.463,33.0,32.0,870.0,8.0,9.3,287.0,35.1,5.1,4.9,15.3,0.028551996533900267,21.7,1.0,2.49,18.9,10.81,21.0,0.08665388920658422,0.20276418412601316,0.15233598409542742,0.1775500841107203,0.17975001570253124,0.12616041705922995,0.1529552163808806,0.18975101731153873,0.13595420373818884,0.16285261052486377,0.2081272580588586,0.15535444947209653,0.18174085376547755,0.2188915720358433,0.16682299878260523,0.19285728540922426,0.2280057402767981,0.17682971322939217,0.20241772675309513,0.1992822398861075,0.14924664847550126,0.1742644441808044,20460,676068.5569043393,204.86925966798162,14524,479922.7624867363,13332,440534.9951441179,133.4954530739751
Minnesota,MN,132,7.1,5639632,0.3725,32638,0.532,59.2644893617023,68.1,0.733,38.3,42.98,0.152,0.301,0.201,7.5,43.82,44.96,44.92,1.1000000000000014,9.0,70.4,0.004157008826107803,15.9,8.0,0.443,34.0,29.0,870.0,12.0,6.8,302.7,28.7,5.3,3.7,8.1,0.019653391932215346,23.2,1.7,2.49,15.1,10.46,14.0,0.1311837368111962,0.13845466726217062,0.08676763165374153,0.11261114945795608,0.1510358713506067,0.09640756636464791,0.12372171885762731,0.15012036311958005,0.09643551147075032,0.12327793729516517,0.1714464990957074,0.12010482412431256,0.14577566161001,0.18120126448893573,0.1329399367755532,0.15707060063224448,0.1944386909693455,0.14975144987572495,0.17209507042253522,0.14493767489188503,0.10677944543373187,0.12585856016280844,7454,436166.7569798881,132.17174453936002,6386,373673.3176916508,5355,313344.91328512214,94.95300402579458
Mississippi,MS,244,-16.5,2976149,0.2231,21036,0.332,53.44000000000043,63.7,0.493,38.0,63.5,0.169,0.408,0.434,22.6,56.18,55.29,57.94,1.759999999999998,19.6,73.6,0.005350202560422882,15.9,22.0,0.49,49.0,18.0,692.0,7.0,12.0,191.3,43.6,2.9,1.9,38.9,0.04723562094800264,23.6,0.7,2.62,20.5,8.91,29.0,0.0,0.27768637977314053,0.20313447051692787,0.2404104251450342,0.3094739205268278,0.23138516800119732,0.27042954426401256,0.31575064551825893,0.23759170457805648,0.2766711750481577,0.28231929277171086,0.20431617264690588,0.24331773270930837,0.2863997156734984,0.20832839710934722,0.24736405639142284,0.30677635851915996,0.22862091361766615,0.26769863606841304,0.3233082706766917,0.24458204334365324,0.2839451570101725,7291,808437.3463828592,244.9810140554119,6272,695449.0517779855,4042,448183.20588115713,135.81309269125975
Missouri,MO,146,-15.4,6137428,0.3022,26126,0.415,50.44925690021238,87.9,0.704,38.9,54.7,0.136,0.348,0.206,13.1,49.43,53.76,56.77,7.340000000000003,12.9,69.2,0.006073716872931137,16.9,17.0,0.463,37.0,28.0,830.0,7.0,8.7,273.1,30.9,4.2,2.9,12.9,0.028108432651829263,22.5,1.0,2.47,19.4,10.2,19.0,0.12950115260007938,0.19004775712092786,0.13515549491159248,0.16260162601626016,0.23155339805825242,0.1703883495145631,0.20097087378640777,0.24790458429821505,0.18609750599422095,0.21700104514621799,0.272713020302579,0.21311175563742782,0.24291238797000342,0.2787669807675158,0.22095062572456228,0.24985880324603904,0.2721073709275896,0.21690659162246997,0.2445069812750298,0.21932434797829511,0.16698757220374585,0.19315596009102048,9141,491497.4155297626,148.93861076659473,8245,443320.88294966554,6616,355732.0753905382,107.79759860319339
Montana,MT,149,-16.4,1068778,0.3358,25989,0.445,54.407176220806875,7.0,0.559,40.1,44.18,0.115,0.283,0.137,10.5,49.51,55.35,56.17,6.660000000000004,12.6,60.4,0.003533006854557261,18.7,13.0,0.46,31.0,38.0,1120.0,6.0,6.7,247.1,29.5,3.7,2.7,1.4,0.019122542848068438,21.6,0.3,2.39,18.0,8.47,17.0,0.0,0.19286235852500913,0.11181087988316904,0.15233661920408909,0.23135822829544117,0.14347979738485098,0.18741901284014606,0.24320494654128558,0.15496586371248228,0.19908540512688394,0.28564348257062616,0.1937882041962663,0.23971584338344623,0.2889097744360902,0.20338345864661656,0.2461466165413534,0.24994272623138603,0.17479954180985108,0.21237113402061855,0.16754801001948233,0.10520456443083774,0.13637628722516004,1612,497727.3110037819,150.8264578799339,1594,492169.5618734667,1430,441532.2920194839,133.79766424832846
Nebraska,NE,116,-19.2,1934408,0.3323,27446,0.473,52.63136069114488,24.3,0.731,36.8,49.88,0.146,0.341,0.21,14.5,56.53,59.8,58.75,2.219999999999999,9.9,65.8,0.005471441391888371,15.7,12.0,0.44,39.0,29.0,1046.0,11.0,8.4,239.2,31.0,10.9,7.9,6.1,0.021597160649379606,24.7,3.1,2.46,16.0,10.2,17.0,0.39748491528157454,0.15267871507481096,0.09653027296616078,0.12460449402048587,0.18754831002740496,0.1247979762490338,0.1561731431382194,0.20213176797713756,0.13593882752761258,0.16903529775237508,0.22453590020626657,0.15921815145859936,0.19187702583243296,0.24042124131749945,0.17734707595787585,0.20888415863768767,0.23275508810271822,0.17729818330829122,0.20502663570550472,0.13420703384207033,0.08825481088254811,0.11123092236230922,2431,414716.02681543917,125.6715232774058,2260,385544.3112311363,1943,331465.7507619902,100.4441668975728
Nevada,NV,180,2.4,3080156,0.2569,25773,0.444,56.527919320594684,25.4,0.942,38.3,57.3,0.103,0.306,0.512,13.3,42.65,45.68,45.5,2.8500000000000014,12.5,38.3,0.001826530864021173,15.7,21.0,0.471,31.0,33.0,803.0,14.0,9.0,213.5,32.8,28.8,21.6,11.3,0.04443066677043645,22.7,7.1,2.68,15.7,11.77,22.0,0.490536193621362,0.250980530723296,0.17596551358609236,0.2134730221546942,0.306942133481235,0.2264281752634498,0.2666851543723424,0.3264206567042798,0.24575581986377962,0.2860882382840297,0.3206116762781054,0.24162508909479685,0.2811183826864511,0.3361604838114905,0.2584261376207685,0.2972933107161295,0.3715206300903965,0.29562337778573344,0.33357200393806496,0.3803534641656728,0.3066247424915971,0.3434891033286349,5843,626004.007589226,189.69818411794728,5338,571899.6050849373,4003,428871.13509835216,129.96095002980368
New Hampshire,NH,98,7.4,1359711,0.3758,34691,0.644,51.477905982905725,147.8,0.603,43.1,44.49,0.142,0.318,0.097,10.3,44.52,46.4,46.61,2.0899999999999963,7.3,70.4,0.004704676214283771,18.1,11.0,0.441,22.0,51.0,830.0,10.0,8.1,315.1,31.5,3.8,0.7,2.2,0.0288033158723005,19.0,0.7,2.46,15.6,9.92,9.0,0.0,0.09316770186335403,0.0360979174278407,0.06463280964559737,0.10214231063504207,0.04322876817138485,0.07268553940321346,0.09904522085825201,0.042178155492603085,0.07061168817542755,0.11678832116788321,0.054203838875371724,0.08549608002162747,0.13013059701492538,0.06234452736318408,0.09623756218905473,0.15387567152724482,0.07693783576362241,0.11540675364543362,0.15373798921959222,0.08413405202718538,0.1189360206233888,1355,328856.64674331533,99.65352931615615,1110,269395.48183400737,916,222311.9471711268,67.36725671852328
New Jersey,NJ,293,15.9,8882190,0.4122,37288,0.585,59.03113785558007,1210.1,0.947,40.1,51.93,0.097,0.256,0.452,10.9,41.7,40.59,41.35,-0.3500000000000014,9.2,68.5,0.004775061105425576,16.1,13.0,0.478,35.0,27.0,665.0,13.0,8.2,306.5,33.0,20.4,2.6,15.1,0.04290038779598961,21.9,5.2,2.71,13.1,12.24,32.0,0.06137945709335198,0.3137111108348974,0.26900177743527276,0.2913564441350851,0.14313882053872604,0.09920641387064709,0.12117261720468656,0.14895253770327566,0.10581963253841888,0.12738608512084726,0.18597164189328036,0.1350549124369249,0.16051327716510264,0.20628852305531717,0.1538321500091025,0.18006033653220982,0.24321424062618358,0.18592980684257038,0.21457202373437698,0.26255049047893825,0.20573187151375263,0.23414118099634545,24759,919871.1128674347,278.7488220810408,13061,485255.32554471365,10158,377400.16820176103,114.36368733386699
New Mexico,NM,197,10.8,2096829,0.2767,23683,0.564,70.99791489361704,17.2,0.774,38.4,53.07,0.108,0.317,0.626,13.2,41.78,42.84,40.04,-1.740000000000002,18.2,45.9,0.0026277774677858803,17.5,16.0,0.477,36.0,33.0,877.0,6.0,9.8,244.8,31.6,48.8,31.5,3.4,0.043001184744523704,23.0,2.8,2.64,15.2,9.9,25.0,0.2682812952319908,0.23891080534975465,0.14750312710478206,0.19320696622726835,0.2853987884906613,0.18374558303886926,0.2345721857647653,0.293086727625381,0.192089221390967,0.24258797450817401,0.31587748635803553,0.21730329167400106,0.2665903890160183,0.3415856469880726,0.2435601884333968,0.2925729177107347,0.3788857734975009,0.2831890771668902,0.33103742533219555,0.33550007386615455,0.2424287191608805,0.2889643965135175,4167,655804.55058567,198.7286516926273,3811,599777.0919803189,3290,517781.8505943975,156.90359108921137
New York,NY,272,23.1,19453561,0.3781,33095,0.541,68.37402625820529,417.0,0.879,39.2,48.17,0.088,0.271,0.449,16.5,36.03,35.17,36.52,0.490000000000002,13.0,70.7,0.004614836327395277,16.4,10.0,0.515,29.0,36.0,539.0,24.0,9.7,375.1,29.6,19.2,2.5,17.6,0.043176999768491535,20.8,3.6,2.6,12.8,12.56,38.96,0.4581658340084882,0.34295918915851903,0.29935316637898596,0.3211561777687525,0.14496995360712395,0.10317744496683999,0.12407369928698198,0.153538803039358,0.11214889439084777,0.13284384871510288,0.18675992192582955,0.1418781175450011,0.16431901973541532,0.20786191069599871,0.15924934299004306,0.1835556268430209,0.24564651344802155,0.19183937628873737,0.21874294486837947,0.2796412358249554,0.2240989542171332,0.2518700950210443,51434,872499.3845599785,264.3937528969632,23395,396860.5028148831,20247,343459.48281653936,104.07863115652708
North Carolina,NC,123,-1.3,10488084,0.323,25774,0.426,62.061142241379514,202.6,0.661,39.1,58.7,0.155,0.34,0.37,13.8,49.38,50.39,49.83,0.44999999999999574,13.6,70.6,0.0034465780403741997,16.3,20.0,0.474,39.0,24.0,790.0,10.0,10.5,255.0,35.1,9.4,5.3,23.1,0.03215813370476291,22.2,3.1,2.52,17.4,10.32,12.0,0.23058129587825574,0.13361908489494334,0.0866132712189627,0.11011617805695302,0.1504649512641446,0.10293659981825198,0.1267007755411983,0.15608490887993995,0.10949423247559893,0.13278957067776945,0.14410699745326658,0.10148819320524592,0.12279759532925624,0.13083467916650254,0.09085358648126994,0.11084413282388625,0.12241379310344827,0.08690134099616859,0.10465756704980843,0.10706781837282596,0.07671880471576982,0.09189331154429789,15243,479610.0031235448,145.33636458289234,14258,448617.6884166832,11443,360045.7433407284,109.10477070931164
North Dakota,ND,197,-33.4,762062,0.3041,33071,0.415,44.36222929936321,10.5,0.599,35.3,40.8,0.166,0.348,0.156,14.3,53.25,58.32,62.96,9.71,10.6,70.9,0.006982371513078988,15.3,11.0,0.456,33.0,33.0,1080.0,17.0,8.1,237.6,29.8,3.5,2.3,3.9,0.011650011282181263,23.5,0.7,2.31,19.1,9.05,21.0,0.0,0.2238574748257165,0.12677510973405628,0.17531629227988638,0.2647404669914329,0.16378296657147656,0.21426171678145473,0.2800589210090223,0.17768366783281164,0.22887129442091697,0.324537037037037,0.22083333333333333,0.27268518518518514,0.3346487766377269,0.23730597211260196,0.28597737437516446,0.2853445486897444,0.20187641539954707,0.24361048204464575,0.1688622754491018,0.10259481037924152,0.13572854291417166,1542,667740.9449624834,202.34574089772224,1481,641325.7713939286,1261,546057.9322942228,165.472100695219
Ohio,OH,168,-8.0,11689100,0.2928,26937,0.448,59.88538461538504,283.2,0.779,39.5,50.88,0.165,0.348,0.211,12.6,46.91,47.69,51.69,4.780000000000001,13.1,71.5,0.006146923201957379,17.1,11.0,0.465,38.0,30.0,910.0,9.0,9.2,292.7,34.5,3.7,1.8,14.4,0.0276906099772955,22.2,0.8,2.43,20.5,10.88,19.0,0.15898948593133774,0.18935782284458924,0.1422967136430888,0.16582726824383903,0.22884447109948777,0.17664756024422137,0.20274601567185457,0.24334247640439732,0.1914537482991728,0.21739811235178508,0.2669668305175761,0.21701295661393147,0.2419898935657538,0.28780518480089295,0.23900705874954803,0.2634061217752205,0.31121355880327495,0.2645573494529038,0.2878854541280894,0.2981166421620108,0.2537982216621158,0.2759574319120633,16374,462261.4230351353,140.07921910155616,14219,401422.6929361542,11570,326637.6367727199,98.98110205233935
Oklahoma,OK,175,-33.1,3956971,0.2621,25229,0.41,47.726127659574274,56.1,0.662,36.9,60.14,0.151,0.368,0.344,13.7,65.65,66.77,65.32,-0.3300000000000125,15.2,64.0,0.004350044516373761,15.7,24.0,0.474,43.0,25.0,860.0,7.0,10.2,206.7,37.8,10.6,8.5,9.2,0.03215461180843941,24.3,2.2,2.58,19.7,9.94,21.0,0.2692665677863194,0.21128133704735377,0.1506731662024141,0.18097725162488393,0.26877013800231014,0.1958173749164083,0.23229375645935924,0.2882123705159378,0.2145355227658795,0.2513739466409086,0.3223084425221558,0.2506042488233049,0.2864563456727304,0.3456205613797768,0.27537562201072513,0.310498091695251,0.3613001642806853,0.29359305327387936,0.3274466087772823,0.344672336168084,0.2799256771242764,0.3122990066461802,7324,610800.534044854,185.09107092268303,6960,580443.9810147712,5950,496212.8860686621,150.36754123292792
Oregon,OR,62,16.1,4217737,0.3455,27646,0.532,60.943510638298044,40.9,0.81,39.6,51.27,0.156,0.29,0.244,9.0,40.4,42.15,39.09,-1.3099999999999952,11.4,68.6,0.0011077030170444483,17.6,13.0,0.45,29.0,37.0,896.0,12.0,8.3,303.4,30.6,13.1,10.6,3.0,0.028970771551494162,20.8,2.6,2.51,15.6,10.71,10.0,0.1557117003739209,0.12943675307725772,0.057527445812114546,0.09348209944468613,0.14244379406678195,0.06917653319143276,0.10581016362910736,0.1479296405550093,0.07400123820969445,0.11096543938235187,0.1402506450423885,0.06901953556948028,0.10463509030593438,0.1375456919060052,0.06814621409921671,0.10284595300261096,0.14394468058110765,0.0766351582820529,0.11028991943158029,0.12870905587668593,0.06497109826589595,0.09684007707129094,2691,210546.55612713643,63.80198670519285,2538,198575.68169850326,2132,166809.83190748972,50.548433911360526
Pennsylvania,PA,211,1.2,12801989,0.3231,29220,0.569,56.72360341151411,285.5,0.787,40.8,49.8,0.14,0.332,0.236,13.4,44.17,46.59,48.18,4.009999999999998,12.0,69.6,0.005664666638910563,18.2,10.0,0.475,34.0,31.0,798.0,7.0,8.7,320.5,33.3,7.3,1.2,12.9,0.03241510620014772,20.7,1.3,2.46,17.0,11.15,20.0,0.1466735364325028,0.21230698091528177,0.17159431662136032,0.19195064876832105,0.21422056804886364,0.17086607644614776,0.1925433222475057,0.2266371439837423,0.18375848018845986,0.20519781208610108,0.25476800820302486,0.21309920533196616,0.23393360676749553,0.27368528451492535,0.23285914179104478,0.2532722131529851,0.307206919777376,0.267928675245489,0.2875677975114325,0.3085172956992728,0.27109902677974146,0.28980816123950714,27905,719314.0065969436,217.97394139301323,21788,561634.602248135,19207,495103.53430236503,150.0313740310197
Rhode Island,RI,255,20.8,1059361,0.3484,30830,0.595,65.1944161358809,1017.1,0.907,40.1,49.27,0.12,0.3,0.279,11.7,35.06,35.24,38.9,3.8399999999999963,10.8,71.4,0.007134489564935844,17.2,9.0,0.463,36.0,35.0,829.0,10.0,8.3,370.0,33.0,15.4,1.1,9.6,0.028862353686630284,19.4,2.8,2.47,14.6,11.72,21.0,0.0,0.17754094099298154,0.09193310804956242,0.13473702452127198,0.1539517328148233,0.07125700560448359,0.11260436920965344,0.15400050163029846,0.07298720842738901,0.11349385502884374,0.18441185846350017,0.09276378705769844,0.1385878227605993,0.2056789224608664,0.10593374590462322,0.1558063341827448,0.23620651451362729,0.1289607799689785,0.18258364724130288,0.24414535666218035,0.14320323014804845,0.19367429340511438,2717,846368.7071734753,256.475365810144,1890,588751.143377942,1592,495921.59801993845,150.27927212725407
South Carolina,SC,187,-11.7,5148714,0.296,24596,0.401,52.25025531914861,158.8,0.663,39.9,61.7,0.164,0.354,0.364,10.8,53.87,54.56,54.94,1.0700000000000003,13.8,69.1,0.0030226965413110924,17.7,20.0,0.475,47.0,21.0,850.0,8.0,11.3,229.5,38.3,5.7,3.1,28.0,0.0384125835372473,21.8,1.7,2.54,18.0,10.11,24.0,0.0,0.23293908500526067,0.1699198200486159,0.20142945252693828,0.281188541098974,0.21562448167191905,0.24840651138544653,0.29550243217230704,0.23036703691179147,0.26293473454204924,0.27186305467841115,0.2079109190626558,0.23988698687053348,0.27260310353985656,0.20931820768676254,0.24096065561330954,0.28812069045305194,0.2259243833587857,0.2570225369059188,0.30921760806753157,0.24757804090419805,0.2783978244858648,9770,626195.2013648456,189.75612162571082,9253,593058.7715689782,6258,401098.2159816995,121.54491393384833
South Dakota,SD,226,-26.2,884659,0.2972,26959,0.474,44.5178343949041,11.1,0.567,37.4,45.54,0.152,0.33,0.177,15.9,53.16,57.89,61.53,8.370000000000005,11.9,66.4,0.006313166994288195,16.6,16.0,0.436,36.0,27.0,950.0,9.0,8.2,240.4,30.9,3.6,2.5,3.0,0.019827642248847508,24.7,0.7,2.43,19.0,8.73,24.0,0.0,0.26231190150478795,0.15754673962608298,0.20992932056543545,0.3196333530455352,0.20165582495564754,0.2606445890005914,0.3391009055627426,0.21959896507115137,0.27934993531694696,0.37846655791190864,0.2634584013050571,0.3209624796084829,0.38179723502304147,0.2732718894009217,0.3275345622119816,0.37912552891396334,0.28180535966149506,0.33046544428772917,0.20630568882796435,0.12302947224126114,0.16466758053461275,2022,754256.7249075633,228.5626439113828,1960,731129.1695444233,1799,671072.13061756,203.3551910962303
Tennessee,TN,181,-23.2,6833174,0.2872,24922,0.384,56.01242038216552,157.5,0.664,39.0,58.11,0.156,0.365,0.261,16.2,56.9,59.48,60.72,3.8200000000000003,13.9,69.4,0.003899651904078544,16.4,19.0,0.475,51.0,24.0,840.0,9.0,11.1,253.1,39.3,5.4,3.3,18.0,0.03517146896283888,22.2,2.0,2.53,20.7,10.2,19.0,0.1933215808641782,0.19825710708946606,0.14293180354169452,0.1705944553155803,0.2459320288362513,0.18455200823892895,0.21524201853759012,0.2608181644326223,0.19939498252751264,0.23010657348006747,0.27445808768119156,0.21368411720377675,0.24407110244248414,0.28339313690807094,0.22332844797088997,0.25336079243948045,0.2878494326044838,0.2285573699910816,0.2582034012977827,0.28588611163315164,0.22732569065965044,0.256605901146401,12476,602513.5610479113,182.57986698421553,12049,581892.1046061465,9847,475549.137194516,144.10579914985334
Texas,TX,172,-5.6,28995881,0.3077,27125,0.429,54.23087234042542,101.2,0.847,35.0,65.97,0.147,0.34,0.581,11.3,55.45,57.17,52.23,-3.220000000000006,13.6,64.9,0.0031283063963464326,12.6,29.0,0.475,42.0,25.0,797.0,14.0,10.9,224.8,31.7,39.4,33.7,13.5,0.04860058851535774,25.8,5.7,2.86,14.4,11.17,29.0,0.35426438672444543,0.2910675633030948,0.24396303819297832,0.26751530074803653,0.358905297228564,0.3094066988411409,0.33415599803485246,0.37896893354137334,0.329527723864977,0.35424832870317513,0.3461818475974761,0.29734670765248344,0.3217642776249798,0.3620600605032096,0.3137405002582454,0.3379002803807275,0.3923497144912549,0.3447574299716739,0.3685535722314644,0.4010932414058315,0.3543145953221354,0.3777039183639834,50681,576796.7526146214,174.78689473170346,48762,554956.7540299948,33786,384515.9938406424,116.519998133528
Utah,UT,71,-20.5,3205958,0.3477,24877,0.441,48.01929936305748,35.3,0.906,31.3,49.55,0.158,0.292,0.217,11.2,62.58,72.79,45.54,-17.04,8.9,51.7,0.001738637873609074,11.1,13.0,0.427,53.0,28.0,870.0,9.0,7.7,216.2,25.8,14.0,10.7,1.9,0.03649930898418233,29.5,3.2,3.13,9.0,10.96,15.0,0.06365866302677702,0.13490992039476746,0.07243610632652112,0.10367301336064429,0.162713300254145,0.09391262253418856,0.12831296139416676,0.17395937395937397,0.10336330336330336,0.13866133866133867,0.17802479692176143,0.11056006840530141,0.14429243266353142,0.1934978456717587,0.12338425381903642,0.15844104974539758,0.20562770562770563,0.1370851370851371,0.17135642135642137,0.18390129259694477,0.11956521739130435,0.15173325499412454,2381,245084.30865282702,74.26797231903849,2268,233452.83999353703,1911,196705.63369825805,59.60776778735092
Vermont,VT,40,35.4,623989,0.3866,29178,0.696,65.84951167728201,68.0,0.389,43.0,43.74,0.147,0.266,0.072,5.8,30.45,30.97,30.27,-0.17999999999999972,10.2,71.7,0.0037805153616490036,19.4,7.0,0.447,21.0,47.0,910.0,7.0,6.7,367.1,30.2,1.9,0.6,2.1,0.018640087986695437,18.5,0.1,2.31,13.7,8.84,12.0,0.0,0.13978668390433097,0.023755656108597284,0.08177117000646413,0.14119881806669482,0.022583368509919797,0.0818910932883073,0.14222941720629048,0.021739130434782608,0.08198427382053655,0.1534174244646524,0.027280727486066296,0.09034907597535935,0.1504336224149433,0.02935290193462308,0.08989326217478319,0.15789473684210525,0.03508771929824561,0.09649122807017543,0.15476190476190477,0.03571428571428571,0.09523809523809523,256,135387.0020144586,41.026364246805635,201,106299.95080041475,198,104713.38437055782,31.73132859713873
Virginia,VA,130,10.1,8535519,0.3959,34052,0.537,57.611553191489186,209.2,0.755,38.6,55.54,0.109,0.319,0.383,11.0,46.33,47.28,44.41,-1.9200000000000017,9.9,68.7,0.00229042897098583,15.4,14.0,0.469,44.0,24.0,840.0,12.0,9.2,263.2,33.6,9.3,2.1,21.3,0.0363291222918893,22.0,3.4,2.61,14.9,10.91,18.0,0.13745748793951487,0.17990033442163564,0.12595667058807977,0.1529285025048577,0.19494242570502654,0.1393332413983314,0.16713783355167897,0.20413714933408897,0.14791725701331823,0.1760272031737036,0.21504448121238282,0.15989257367575474,0.18746852744406878,0.22153711838048729,0.16710774015769514,0.1943224292690912,0.23997472900179556,0.18630710913081067,0.21314091906630311,0.2542290373615675,0.20092491176828525,0.22757697456492637,11333,438156.1332122862,132.7745858219049,9941,384338.66763110715,8105,313355.28630420717,94.95614736491126
Washington,WA,74,19.2,7614893,0.3697,31841,0.548,62.222887473460986,104.9,0.84,37.8,50.47,0.149,0.283,0.314,10.0,40.48,41.29,36.83,-3.6499999999999986,9.8,71.4,0.001982168364020348,15.4,12.0,0.458,30.0,38.0,870.0,14.0,8.0,278.8,30.3,12.7,10.0,5.6,0.03251278697156022,22.1,3.3,2.55,12.0,11.12,9.0,0.15912357534111116,0.08610419490056415,0.0334867156229317,0.059795455261747926,0.09190708745434399,0.037181433906512906,0.06454426068042846,0.09799424356898723,0.04074473826227739,0.06936949091563231,0.09091427919187307,0.0383517863257619,0.06463303275881749,0.08628684457991505,0.03696617918868965,0.06162651188430235,0.09104895656633398,0.04445934750877747,0.06775415203755572,0.07769315514681228,0.03769698711500694,0.05769507113090962,6075,263266.9953471441,79.77787737792245,4958,214860.53710800663,3904,169184.25511691367,51.26795609603444
West Virginia,WV,154,-38.9,1792147,0.2105,22714,0.396,55.65095022624437,77.1,0.487,42.9,53.08,0.13,0.397,0.08,16.1,55.71,62.3,68.5,12.79,16.0,69.7,0.005177030678844983,19.9,12.0,0.464,46.0,22.0,876.0,5.0,11.2,263.4,43.8,1.3,0.6,4.8,0.02882686167473478,20.2,0.2,2.42,25.2,9.11,15.0,0.0,0.14634146341463414,0.08554667095270624,0.11594406718367019,0.17687181908809485,0.10892491736187628,0.14289836822498556,0.1883549833314174,0.11817450281641569,0.15326474307391655,0.1998256700806276,0.13009370233166268,0.16495968620614515,0.20881939273599734,0.14114337718209646,0.17498138495904692,0.23912385182194407,0.16836580195821135,0.20374482689007772,0.24494575936883628,0.17689842209072978,0.21092209072978302,2807,516871.6628714051,156.62777662769852,2732,503061.4118149906,2457,452423.8246081376,137.09812866913262
Wisconsin,WI,133,0.6,5822434,0.3134,28213,0.5,55.272016985138016,106.0,0.702,39.8,44.71,0.199,0.342,0.188,10.0,42.31,45.89,47.22,4.909999999999997,10.4,71.6,0.003647271914117017,17.0,10.0,0.439,27.0,31.0,860.0,10.0,7.3,264.9,31.0,6.9,4.9,7.5,0.018105917859670338,22.0,1.3,2.4,16.4,10.19,16.0,0.14635820689423015,0.14993947866409807,0.10039722454268032,0.12516835160338918,0.18312886182502014,0.12881705023730636,0.15597295603116323,0.19516628186864468,0.1405167755563197,0.1678415287124822,0.22075725783721148,0.17021076696627102,0.19548401240174124,0.2377769835596855,0.18956397426733382,0.21367047891350965,0.2344863777495955,0.1907989679450737,0.2126426728473346,0.15639709028669235,0.11815361574668379,0.13727535301668808,7971,451774.97932995035,136.90150888786374,7379,418222.001314227,6625,375487.2962063632,113.78402915344338
Wyoming,WY,123,-43.4,578759,0.2913,29698,0.363,59.23478448275864,6.0,0.648,38.4,43.47,0.175,0.297,0.16,14.6,64.78,68.64,68.17,3.3900000000000006,10.1,57.1,0.003842704821868861,16.5,17.0,0.435,38.0,32.0,1140.0,6.0,8.0,207.9,30.7,10.0,7.7,2.1,0.015536529288631138,23.3,1.2,2.46,18.8,8.26,22.0,0.0,0.14153732446415374,0.04730229120473023,0.09441980783444198,0.16579198473282442,0.05820610687022901,0.11199904580152671,0.17805708300602252,0.06389107096098455,0.12097407698350354,0.21182432432432433,0.08243243243243244,0.1471283783783784,0.21643518518518517,0.08719135802469136,0.15181327160493827,0.21813031161473087,0.09348441926345609,0.1558073654390935,0.1813441483198146,0.06894553881807648,0.12514484356894554,720,410533.57269606175,124.40411293820053,703,400840.4188962936,670,382024.2968143908,115.76493842860327
